ASIN,Title,Price,Availability,Comments,Quantity
B07KXJGDLT,Fluval 107 Performance Canister Filter,$134.99,In Stock,Great for 30-gallon setups,1
B0002566WY,AquaClear 50 Power Filter,$59.99,In Stock,,1
B01M0N8FPT,Seachem Tidal 55 Hang On Back Filter,$99.99,Usually ships within 3 days,Quiet motor,2
B0B3QFMG6M,Tetra Whisper IQ Power Filter 45,$44.99,In Stock,Budget-friendly option,1
B08F2Z4M6W,Hygger Quiet Aquarium Power Filter,$32.49,In Stock,,1
B07PHLZYRZ,MarineLand Penguin 350 BIO-Wheel Filter,$49.99,In Stock,,1
B08N4G6GRH,Aqueon QuietFlow Canister Filter 200,$179.99,In Stock,Includes media baskets,1
B09R7MDG8M,Fluval FX4 High Performance Canister Filter,$329.99,Backordered 1-2 weeks,For large tanks,1
B081V6B7LN,SunSun HW-3000 Canister Filter,$219.99,In Stock,,1
B0834K1LXB,Polar Aurora External Canister Filter,$89.99,In Stock,,1
B0BR8HH7ND,Cascade 1500 Canister Filter,$179.95,Low stock,Easy priming,1
B005QRDCP2,Eheim Classic External Canister Filter 2213,$109.00,In Stock,,1
